Is this a fare distribution      	en
#KhelaHobe still continues !!  Now an untimely demise of political career of BJP MP ‡§¨‡§æ‡§¨‡•Å‡§≤ ‡§∏‡•Å‡§™‡•ç‡§∞‡§ø‡§Ø‡•ã  Certainly  had it's own far reaching impact... Now BJP MP  who lost to TMC in recently held assembly election has decided to quit politics...  https://t.co/ZYhhTTcewi	en
#KhelaHobe still continues !  Now an untimely demise of political career of BJP MP .  Certainly  had it's own far reaching impact..  Now BJP MP  who lost to TMC in recently held assembly election has decided to quit politics..  https://t.co/sZaMI8AjOa	en
This  was accused of spreading communal venom during   https://t.co/ruoZ6KYQpu	en
‡§Ø‡•á ‡§µ‡§π‡•Ä ‡§™‡§∞‡§ø‡§µ‡§æ‡§∞ ‡§π‡•à... ‡§ú‡§ø‡§∏‡§ï‡•ã TMC ‡§ï‡•á ‡§ú‡§ø‡§π‡§æ‡§¶‡•Ä ‡§ó‡•Å‡§Ç‡§°‡•ã ‡§®‡•á ‡§ò‡§∞ ‡§Æ‡•á‡§Ç ‡§ò‡•Å‡§∏ ‡§ï‡§∞ ‡§∏‡§∞‡•á‡§Ü‡§Æ ‡§ï‡•Å‡§≤‡•ç‡§π‡§æ‡§°‡§º‡•Ä ‡§î‡§∞ ‡§´‡§∞‡§∏‡•á ‡§∏‡•á ‡§¨‡•á‡§∞‡§π‡§Æ‡•Ä ‡§∏‡•á ‡§ï‡§æ‡§ü ‡§¶‡§ø‡§Ø‡§æ ‡§•‡§æ‡•§  ‡§¨‡§Ç‡§ó‡§æ‡§≤ ‡§ï‡•Ä ‡§ú‡§®‡§§‡§æ ‡§ï‡•ã ‡§ï‡§≠‡•Ä ‡§®‡§π‡•Ä ‡§≠‡•Ç‡§≤‡§®‡§æ ‡§ö‡§æ‡§π‡§ø‡§è ‡§á‡§∏ ‡§™‡§∞‡§ø‡§µ‡§æ‡§∞ ‡§ï‡•Ä ‡§¶‡§∞‡•ç‡§¶‡§®‡§æ‡§ï ‡§Æ‡•å‡§§ ‡§ï‡•ã‡•§‡•§    https://t.co/xEHjZCsEf5	hi
All the important updates of 2021 so far... Here:  https://t.co/HjvTfFKN3b                https://t.co/vA5ynvbS3s	en
He snooped and he snooped, but couldn't make his party win even  in the .   	en
@TimesNow At least  has been honest regarding  's defeat in . Lost opportunity,it's not going to come back in a hurry!	en
‡¶®‡¶ø‡¶∞‡ßç‡¶≤‡¶ú‡ßç‡¶ú‡ßá‡¶∞ ‡¶Æ‡¶§‡ßã ‡¶´‡ßã‡¶®‡ßá ‡¶Ü‡¶Å‡¶°‡¶º‡¶ø ‡¶™‡ßá‡¶§‡ßá‡¶ì ‡¶≠‡ßã‡¶ü‡ßá ‡¶ú‡¶ø‡¶§‡¶§‡ßá ‡¶™‡¶æ‡¶∞‡ßá‡¶®‡¶ø ‡¶´‡ßá‡¶ï‡ßÅ‡•§     	bn
‡¥®‡µá‡¥§‡¥æ‡¥ï‡µç‡¥ï‡¥≥‡µÅ‡¥ü‡µÜ ‡¥Ö‡¥Æ‡¥ø‡¥§ ‡¥Ü‡¥§‡µç‡¥Æ‡¥µ‡¥ø‡¥∂‡µç‡¥µ‡¥æ‡¥∏‡¥Æ‡¥æ‡¥£‡µç‚Äã ‡¥¨‡¥Ç‡¥ó‡¥æ‡¥≥‡¥ø‡µΩ ‡¥¨‡¥ø.‡¥ú‡µÜ.‡¥™‡¥ø‡¥Ø‡µÅ‡¥ü‡µÜ ‡¥™‡¥∞‡¥æ‡¥ú‡¥Ø ‡¥ï‡¥æ‡¥∞‡¥£‡¥Ç -‡¥∏‡µÅ‡¥µ‡µá‡¥®‡µç‡¥¶‡µÅ ‡¥Ö‡¥ß‡¥ø‡¥ï‡¥æ‡¥∞‡¥ø      https://t.co/OKjZ9YzrQm	ml
‡§π‡§ø‡§Æ‡•ç‡§Æ‡§§ ‡§π‡•à ‡§§‡•ã ‡§¨‡§Ç‡§ó‡§æ‡§≤ ‡§Æ‡•á‡§Ç ‡§Æ‡§Æ‡§§‡§æ ‡§ï‡•á ‡§ñ‡§ø‡§≤‡§æ‡§´ ‡§¨‡•ã‡§≤ ‡§ï‡§∞ ‡§¶‡§ø‡§ñ‡§æ‡§ì, ‡§∞‡•á‡§™ ‡§ï‡§∞‡§µ‡§æ‡§®‡•á ‡§ï‡•Ä ‡§ú‡§ø‡§Æ‡•ç‡§Æ‡•á‡§¶‡§æ‡§∞‡•Ä ‡§Æ‡§Æ‡§§‡§æ ‡§ï‡•Ä‡•§ . . . . . . . . . . . . .        https://t.co/SXvAwNZdNc	hi
#BengalElection2021  How it Started                    How it Ended  https://t.co/FfGwPa7AgD	en
@Chandrakbose     That committee was just an eye-wash before 	en
@BJP4India won 77 seats in .  Find which are all the communities voted strongly in favor of BJP. Interestingly BJP inducted some key faces from them in .  Check it :  https://t.co/gJS2Q3uPw1	en
‡§≠‡§æ‡§∞‡§§ ‡§ï‡•Ä ‡§¨‡§æ‡§§ !! ‡§Ø‡•á ‡§ï‡•ã‡§à ‡§∏‡•Å‡§ß‡§∞‡§®‡•á ‡§µ‡§æ‡§≤‡•á ‡§®‡§π‡•Ä‡§Ç, ‡§∏‡§¨ ‡§Æ‡§ø‡§≤‡•á ‡§π‡•Å‡§è ‡§π‡•à ‡§ú‡•Ä! ‡§Ü‡§§‡§ø‡§´ ‡§∏‡§æ‡§π‡§¨ ‡§¨‡§∏ ‡§Ü‡§™‡§ï‡•á ‡§ú‡§æ‡§®‡•á ‡§ï‡§æ ‡§á‡§Ç‡§§‡§ú‡§æ‡§∞ ‡§ï‡§∞ ‡§∞‡§π‡•á ‡§π‡•à ‡§Ø‡•á ‡§≤‡•ã‡§ó .‡§¶‡§µ‡§æ‡§á‡§Ø‡•ã‡§Ç ‡§∏‡•á ‡§ï‡§æ‡§Æ ‡§®‡§π‡•Ä‡§Ç ‡§π‡•ã‡§ó‡§æ ‡§á‡§®‡§ï‡§æ, ‡§á‡§≤‡§æ‡§ú ‡§ú‡§∞‡•Ç‡§∞‡•Ä ‡§π‡•à! 	hi
Wha Modi ji wha üòÇ    https://t.co/BBumlOYWBg	en
This troll covered the  but covered up the   Welcome back 	en
#SanaGanguly, very few may be aware that  played a important role in 	en
#‡§Ø‡•Ç‡§™‡•Ä_‡§Æ‡•á‡§Ç_‡§ì‡§µ‡•à‡§∏‡•Ä ‡§ï‡•Ä ‡§µ‡§π‡•Ä ‡§¶‡•Å‡§∞‡•ç‡§ó‡§§‡§ø ‡§∏‡§Ç‡§≠‡§æ‡§µ‡§ø‡§§ ‡§π‡•à ‡§ú‡•ã  ‡§Æ‡•á‡§Ç ‡§π‡•Å‡§à ‡§ú‡§ø‡§∏‡§∏‡•á ‡§Æ‡•à‡§Ç ‡§®‡•á  ‡§ï‡•ã ‡§™‡§π‡§≤‡•á ‡§π‡•Ä ‡§Ü‡§ó‡§æ‡§π ‡§ï‡§∞ ‡§¶‡§ø‡§Ø‡§æ ‡§•‡§æ‡•§ ‡§Ü‡§ú ‡§ï‡§æ ‡§ö‡•Å‡§®‡§æ‡§µ ‡§Ü‡§∞-‡§™‡§æ‡§∞ ‡§ï‡§æ ‡§ö‡•Å‡§®‡§æ‡§µ ‡§π‡•à ‡§ú‡§ø‡§∏‡§Æ‡•á‡§Ç ‡§ï‡§ø‡§∏‡•Ä ‡§§‡§ø‡§∏‡§∞‡•á ‡§Æ‡•ã‡§∞‡•ç‡§ö‡•á ‡§ï‡•Ä ‡§ó‡•Å‡§Ç‡§ú‡§æ‡§á‡§∂ ‡§®‡§π‡•Ä‡§Ç ‡§π‡•à ‡§î‡§∞ ‡§¶‡•á‡§∂ ‡§Æ‡•á‡§Ç ‡§Ö‡§¨ ‡§Ø‡§π‡•Ä ‡§™‡•à‡§ü‡§∞‡•ç‡§® ‡§ö‡§≤‡•á‡§ó‡§æ ‡§ú‡§¨‡§§‡§ï ‡§æ‡§ú‡§™‡§æ ‡§Ö‡§™‡§®‡•á ‡§Æ‡•Ç‡§≤ ‡§∏‡•ç‡§•‡§æ‡§® ‡§™‡§∞ ‡§®‡§π‡•Ä‡§Ç ‡§™‡§π‡•Å‡§Ç‡§ö ‡§ú‡§æ‡§§‡•Ä‡•§	hi
‡¨∞‡¨æ‡¨ú‡¨®‡≠à‡¨§‡¨ø‡¨ï ‡¨π‡¨ø‡¨Ç‡¨∏‡¨æ‡¨ï‡¨æ‡¨£‡≠ç‡¨°‡¨ï‡≠Å ‡¨®‡≠á‡¨á ‡¨∞‡¨ï‡≠ç‡¨§‡¨∞‡¨û‡≠ç‡¨ú‡¨ø‡¨§ ‡¨π‡≠ã‡¨á‡¨∏‡¨æ‡¨∞‡¨ø‡¨õ‡¨ø ‡¨™‡¨∂‡≠ç‡¨ö‡¨ø‡¨Æ‡¨¨‡¨ô‡≠ç‡¨ó ‡¨Æ‡¨æ‡¨ü‡¨ø‡•§          https://t.co/3GTaPgESsV	or
‡¶∏‡¶ø‡¶™‡¶ø‡¶Ü‡¶á (‡¶è‡¶Æ)-‡¶è‡¶∞ ‡¶™‡¶∂‡ßç‡¶ö‡¶ø‡¶Æ‡¶¨‡¶ô‡ßç‡¶ó ‡¶∞‡¶æ‡¶ú‡ßç‡¶Ø ‡¶ï‡¶Æ‡¶ø‡¶ü‡¶ø‡¶∞ ‡¶∏‡¶Æ‡ßç‡¶™‡¶æ‡¶¶‡¶ï, ‡¶∏‡ßÇ‡¶∞‡ßç‡¶Ø‡¶ï‡¶æ‡¶®‡ßç‡¶§ ‡¶Æ‡¶ø‡¶∂‡ßç‡¶∞ ‡¶¨‡¶≤‡ßá‡¶® ‡¶Ø‡ßá ‡¶≠‡ßã‡¶ü‡ßá‡¶∞ ‡¶Ü‡¶ó‡ßá ‡¶™‡ßç‡¶∞‡¶ö‡¶æ‡¶∞‡ßá‡¶∞ ‡¶∏‡¶Æ‡¶Ø‡¶º ‡¶§‡ßÉ‡¶£‡¶Æ‡ßÇ‡¶≤ ‡¶ì ‡¶¨‡¶ø‡¶ú‡ßá‡¶™‡¶ø‡¶ï‡ßá ‡¶è‡¶ï ‡¶ï‡¶∞‡ßá ‚Äò‡¶¨‡¶ø‡¶ú‡ßá‡¶Æ‡ßÇ‡¶≤‚Äô ‡¶∂‡ßç‡¶≤‡ßã‡¶ó‡¶æ‡¶® ‡¶¶‡ßá‡¶ì‡¶Ø‡¶º‡¶æ ‡¶â‡¶ö‡¶ø‡¶§ ‡¶π‡¶Ø‡¶º‡¶®‡¶ø‡•§         https://t.co/UQRO8AIWFE	bn
@RuplekhaMitra1  is huge lesson for all the political parties, but seems nobody is introspecting to defeat BJP unless  is associated with them.	en
On the floor of assembly house  says if  had not assisted  then they wouldn‚Äôt have gotten more than 35seats in  She adds that incidents of violence happened due to EC transferring officers without consulting state	en
#BengalElection2021 ‡¶æ‡¶Ç‡¶≤‡¶æ‡¶®‡¶ø‡¶ú‡ßá‡¶∞‡¶Æ‡ßá‡¶Ø‡¶º‡ßá‡¶ï‡ßá‡¶á‡¶ö‡¶æ‡¶Ø‡¶º  üëáüèª What  thinks today,  thinks tomorrow. ~ In 2024,  üëâüèª  üëâüèª   We‚Äôve all realised that  +    ‚úäüèª 	en
‡¶ú‡¶ô‡ßç‡¶ó‡¶ø‡¶™‡ßÅ‡¶∞‡ßá‡¶∞ ‡¶â‡¶™‡¶®‡¶ø‡¶∞‡ßç‡¶¨‡¶æ‡¶ö‡¶®‡ßá ‡¶Ö‡¶≠‡¶ø‡¶ú‡¶ø‡ßé ‡¶§‡ßÉ‡¶£‡¶Æ‡ßÇ‡¶≤‡ßá‡¶∞ ‡¶™‡ßç‡¶∞‡¶æ‡¶∞‡ßç‡¶•‡ßÄ ‡¶π‡¶¨‡ßá‡¶® ‡¶ï‡¶ø ‡¶®‡¶æ, ‡¶§‡¶æ ‡¶®‡¶ø‡¶Ø‡¶º‡ßá‡¶ì ‡¶Ü‡¶≤‡ßã‡¶ö‡¶®‡¶æ ‡¶∂‡ßÅ‡¶∞‡ßÅ ‡¶π‡¶Ø‡¶º‡ßá‡¶õ‡ßá        https://t.co/o2eKzYpMWK	bn
‡¶´‡¶≤ ‡¶ò‡ßã‡¶∑‡¶£‡¶æ‡¶∞ ‡¶¶‡ßÅ‚Äô‡¶Æ‡¶æ‡¶∏ ‡¶™‡¶∞ ‡¶è‡¶á ‡¶Æ‡¶æ‡¶Æ‡¶≤‡¶æ‡¶∞ ‡¶Ø‡ßå‡¶ï‡ßç‡¶§‡¶ø‡¶ï‡¶§‡¶æ ‡¶®‡¶ø‡¶Ø‡¶º‡ßá ‡¶™‡ßç‡¶∞‡¶∂‡ßç‡¶® ‡¶â‡¶†‡¶õ‡ßá‡•§      https://t.co/wVPdGsZcbC	bn
‡¶≠‡ßã‡¶ü‡ßá‡¶∞ ‡¶´‡¶≤‡¶æ‡¶´‡¶≤ ‡¶®‡¶ø‡¶Ø‡¶º‡ßá ‡¶ö‡¶∞‡ßç‡¶ö‡¶æ ‡¶¨‡¶ø‡¶ú‡ßá‡¶™‡¶ø‡¶∞ ‡¶Ö‡¶®‡ßç‡¶¶‡¶∞‡ßá...        https://t.co/o85cyPcoSA	bn
@KailashOnline  Faliure on  üòÇ  Failure Person üòú	en
Bengal Politics Mamta Banerjee : ‡§®‡§æ ‡§ö‡§æ‡§π‡§§‡•á ‡§π‡•Å‡§è ‡§≠‡•Ä ‡§Æ‡§Æ‡§§‡§æ ‡§¨‡§®‡§∞‡•ç‡§ú‡•Ä ‡§ï‡•Ä ‡§ï‡•Å‡§∞‡•ç‡§∏‡•Ä ‡§¨‡§ö‡§æ‡§®‡•á ‡§Æ‡•á‡§Ç ‡§Æ‡§¶‡§¶ ‡§ï‡§∞‡•á‡§ó‡•Ä BJP !  https://t.co/v4nLAiLNMG        	hi
@MyAnandaBazar , how much did  pay you for this?  Tarkoparayan - 30%  vote and only 18% mainstream vote-  of  !      https://t.co/rJhN4wN4v7	en
 https://t.co/Ugi9xx35Yn Left voice and twoards a new dawn : A talk with Chandidas Bhattacharya.                               https://t.co/xHhGHx7PDH	en
Mamta banerjee Vs Jagdeep Dhankhar : ‡§ï‡•ç‡§Ø‡§æ ‡§Æ‡§Æ‡§§‡§æ ‡§¨‡§®‡§∞‡•ç‡§ú‡•Ä ‡§π‡§ü‡§æ ‡§∏‡§ï‡§§‡•Ä ‡§π‡•à‡§Ç ‡§ú‡§ó‡§¶‡•Ä‡§™ ‡§ß‡§®‡§ñ‡§°‡§º ‡§ï‡•ã ? ‡§ú‡§æ‡§®‡•á‡§Ç, ‡§ï‡•ç‡§Ø‡§æ ‡§π‡•à‡§Ç ‡§®‡§ø‡§Ø‡§Æ  https://t.co/mDjzUcSQvw       	hi
#HumanRights, ,  &amp;  are all in great jeopardy with whatever is conspiring after  Citizens of Bengal &amp; India at large questions you mr.  and mr.  what'll it cost India to put a crook like mamata Banerjee behind bars	en
"Khela Hobe" which was war cry of  during  has now went on to Uttar Pradesh  party as "Khela Hoi".   This was indeed a ear catching slogan. Which brought back TMC to power with bigger mandate than earlier.  https://t.co/hkBWMu6ZFY	en
Main hun dabangg naari, Jan jan pe bhaari. üôÑ               https://t.co/4DeHTV1FId	hi
‡¶∞‡¶æ‡¶ú‡ßç‡¶Ø ‡¶∏‡¶∞‡¶ï‡¶æ‡¶∞ ‡¶™‡¶∞‡ßÄ‡¶ï‡ßç‡¶∑‡¶æ ‡¶¨‡¶®‡ßç‡¶ß ‡¶ï‡¶∞‡¶≤‡ßá‡¶ì ‡¶§‡¶°‡¶º‡¶ø‡¶ò‡¶°‡¶º‡¶ø ‡¶≠‡ßã‡¶ü ‡¶∏‡ßá‡¶∞‡ßá ‡¶´‡ßá‡¶≤‡¶§‡ßá ‡¶ï‡ßá‡¶® ‡¶Æ‡¶∞‡¶ø‡¶Ø‡¶º‡¶æ        https://t.co/VMRASCU9Ui	bn
@myslf_soham Interestingly  won all the 3 seats. Please find the margin of win for TMC : 1. Nalhati- 56885 2. Entally- 58257 3. Manikchak- 33878  	en
‡¶Æ‡¶Æ‡¶§‡¶æ ‡¶¨‡¶≤‡ßá‡¶®, ‚Äò‚Äò‡¶∞‡¶æ‡¶ú‡ßç‡¶Ø‡ßá ‡¶è‡¶ñ‡¶®‡¶ì ‡ß≠‡¶ü‡¶æ ‡¶®‡¶ø‡¶∞‡ßç‡¶¨‡¶æ‡¶ö‡¶® ‡¶¨‡¶æ‡¶ï‡¶ø‡•§ ‡¶ì‡¶ó‡ßÅ‡¶≤‡ßã ‡¶π‡¶≤‡ßá‡¶á ‡¶¨‡¶æ‡¶ï‡¶ø‡¶ó‡ßÅ‡¶≤‡ßã‡¶ì ‡¶π‡¶Ø‡¶º‡ßá ‡¶Ø‡¶æ‡¶¨‡ßá‡•§‚Äô‚Äô      https://t.co/E4MAPLPbZM	bn
Excellent programme was organized by GOI at  to celebrate  of , graced by Hon‚Äôble Prime Minister-Shri  ji, which was completely ruined by slogan shouting!This greatly reversed chances of  in 	en
We all are ready plz through the green signal.....   ‡§ú‡§ø‡§Ç‡§¶‡§ó‡•Ä ‡§≠‡§∞ ‡§∞‡•ã‡§° ‡§™‡•á ‡§Ü‡§®‡•á ‡§∏‡•á ‡§¨‡•á‡§ü‡§∞ ‡§è‡§ï ‡§¨‡§æ‡§∞ ‡§∞‡•ã‡§° pe ‡§Ü‡§®‡§æ ‡§Æ‡§Ç‡§ú‡•Ç‡§∞ ‡§π‡•à       RT maximum n follow  https://t.co/5oIfYUPVQL	und
‡§¶‡•á‡§∂ ‡§ï‡§æ ‡§™‡§§‡§® ‡§π‡•ã‡§ó‡§æ ‡§Ö‡§ó‡§∞ ‡§è‡§ï ‡§≠‡•Ä PSB ‡§ï‡§æ privatisation ‡§π‡•Å‡§Ü ‡§Ø‡•á ‡§≤‡§ø‡§ñ ‡§ï‡•á ‡§≤‡•á‡§≤‡•ã ‡§Æ‡§§‡§≤‡§¨ ‡§®‡•å‡§ï‡§∞‡•Ä ‡§¶‡•á ‡§®‡§π‡•Ä‡§Ç ‡§∏‡§ï‡§§‡•á ‡§§‡•ã ‡§õ‡§ø‡§® ‡§≤‡•ã | ‡§≠‡•à‡§Ø‡§æ ‡§Ø‡•á ‡§ú‡§∞‡•ç‡§Æ‡§®‡•Ä ‡§®‡§π‡•Ä‡§Ç ‡§π‡•à ‡§Ø‡•á ‡§≠‡§æ‡§∞‡§§ ‡§π‡•à ‡§∏‡§∞‡§ï‡§æ‡§∞ ‡§¨‡§®‡§æ ‡§∏‡§ï‡§§‡§æ ‡§§‡•ã ‡§ó‡§ø‡§∞‡§æ ‡§≠‡•Ä ‡§∏‡§ï‡§§‡§æ ‡§π‡•à      	hi
@IndiaToday   No worries.. Being  workers you had done great job of placing#BJP as opposition party in üòÄ‚ò∫Ô∏è 	en
‡¶™‡¶æ‡¶Å‡¶ö‡¶§‡¶æ‡¶∞‡¶æ ‡¶∏‡ßá‡¶á ‡¶π‡ßã‡¶ü‡ßá‡¶≤‡ßá‡¶∞ ‡ß©‡ß™ ‡¶§‡¶≤‡¶æ‡¶Ø‡¶º ‡¶®‡¶ø‡¶∞‡ßç‡¶¶‡¶ø‡¶∑‡ßç‡¶ü ‡¶∏‡ßç‡¶Ø‡ßÅ‡¶ü ‡¶¨‡ßÅ‡¶ï ‡¶•‡¶æ‡¶ï‡¶§  ‡¶®‡ßá‡¶§‡¶æ‡¶¶‡ßá‡¶∞ ‡¶®‡¶æ‡¶Æ‡ßá            https://t.co/Xnpq3THQ3m	bn
‚Äò‡¶è‡¶Æ‡¶® ‡¶π‡¶ø‡¶Ç‡¶∏‡¶æ ‡¶¶‡ßá‡¶ñ‡ßá‡¶®‡¶ø ‡¶¶‡ßá‡¶∂‚Äô, ‡¶¨‡¶æ‡¶Ç‡¶≤‡¶æ‡¶Ø‡¶º ‚Äò‡¶≠‡ßã‡¶ü ‡¶™‡¶∞‡¶¨‡¶∞‡ßç‡¶§‡ßÄ ‡¶∏‡¶®‡ßç‡¶§‡ßç‡¶∞‡¶æ‡¶∏‚Äô ‡¶®‡¶ø‡¶Ø‡¶º‡ßá ‡¶∏‡¶∞‡¶¨ ‡¶∞‡¶æ‡¶ú‡ßç‡¶Ø‡¶™‡¶æ‡¶≤ ‡¶ß‡¶®‡¶ñ‡¶°‡¶º       https://t.co/xns4KQRLMt	bn
An analysis of assembly seats in  district, where  has done 'well' and also  could have done better.     Note - Just tried, apologizes for any errors. Data Source: Wikipedia  https://t.co/WmJQOgIWXi	en
@IndianExpress Any alliance without   is infructuos in UP. Going without them is to help  obliquely,as there is no space left for a 3rd front in the present day elections.  is a proof where strong left-Congress alliance doomed. 	en
@MyAnandaBazar ‡¶∏‡¶∏‡ßç‡¶§‡¶æ ‡¶™‡ßç‡¶∞‡¶ö‡¶æ‡¶∞ üëá  ‡¶®‡¶ø‡¶ú‡ßá‡¶á ‡¶®‡¶ø‡¶ú‡ßá‡¶∞ ‡¶ó‡¶æ‡¶°‡¶º‡¶ø‡¶∞ ‡¶ï‡¶æ‡¶Å‡¶ö ‡¶≠‡ßá‡¶ô‡ßá ‡¶Æ‡¶ø‡¶•‡ßç‡¶Ø‡ßá ‡¶Ö‡¶≠‡¶ø‡¶Ø‡ßã‡¶ó ‡¶ï‡¶∞‡¶≤‡ßá‡¶® ‡¶¨‡¶ø‡¶ú‡ßá‡¶™‡¶ø‡¶∞ ‡¶≤‡¶ï‡ßá‡¶ü ‡¶ö‡ßç‡¶Ø‡¶æ‡¶ü‡¶æ‡¶∞‡ßç‡¶ú‡¶ø      https://t.co/XvlTYrx9Od	bn
After  filed in Calcutta High Court, four cases have been filed  today alleging fraud in the counting of Balrampur, Bangaon South, Goghat and Maina. Coincidentally, the BJP has won those 4 seats, leaving the TMC behind with very few votes.   https://t.co/LzLGdXxN3R	en
‡¶ó‡¶£‡¶®‡¶æ‡¶Ø‡¶º ‡¶ï‡¶æ‡¶∞‡¶ö‡ßÅ‡¶™‡¶ø ‡¶∏‡¶π ‡¶è‡¶ï‡¶æ‡¶ß‡¶ø‡¶ï ‡¶Ö‡¶≠‡¶ø‡¶Ø‡ßã‡¶ó‡ßá ‡¶π‡¶æ‡¶á‡¶ï‡ßã‡¶∞‡ßç‡¶ü‡ßá ‡¶á‡¶≤‡ßá‡¶ï‡¶∂‡¶® ‡¶™‡¶ø‡¶ü‡¶ø‡¶∂‡¶® ‡¶¶‡¶æ‡¶Ø‡¶º‡ßá‡¶∞ ‡¶ï‡¶∞‡¶≤‡ßá‡¶® ‡¶Æ‡¶Æ‡¶§‡¶æ ‡¶¨‡¶®‡ßç‡¶¶‡ßç‡¶Ø‡ßã‡¶™‡¶æ‡¶ß‡ßç‡¶Ø‡¶æ‡¶Ø‡¶º       https://t.co/54fl0iwTBq	bn
A 60-year-old woman recalled how TMC workers barged into her house in Purba Medinipur, assaulted her and then gang-raped her in front of her six-year-old grandson before robbing their house on the night of May 4 and 5.        https://t.co/9tGa6SeDEe	en
@swapan55 Under which provision you got re elected as RS member inspite of getting defeated in 	en
@PrinceArihan Really beyond understanding , how can   remain complete SILENT n IMPOTENT towards such open barbaric atrocities on  as consequences of their support n choice of BJP on request by their Top leader in   Shame on u   	en
‡¶Ü‡¶ó‡ßá‡¶á ‡¶¶‡ßá‡¶¨‡¶æ‡¶∂‡¶ø‡¶∏ ‡¶ß‡¶∞‡¶ï‡ßá ‡¶∏‡¶æ‡¶∏‡¶™‡ßá‡¶®‡ßç‡¶° ‡¶ï‡¶∞‡¶æ ‡¶π‡¶Ø‡¶º‡ßá‡¶õ‡ßá‡•§      https://t.co/fAhvgvYcSZ	bn
Mukul Roy‚Äôs close aide quits BJP, another says ‚Äònot getting respect‚Äô  https://t.co/WjiWiZnBeX                	en
India 2024 - general election- Bengal BJP MP seats- 1 / 42? only Darjeeling....! No?  	en
Most nominees/acquisitions including son lost  &amp; thr wr huge resistance in party regarding this from the word go. One such acquisition (lost ele) is now training gun against BJP. Actually, de came 4 power 2 protect interests &amp; now looking 4 shelter in TMC. 4/n	en
‚Äò‡§è‡§ï‡§≤‡§æ ‡§ö‡§≤‡•ã‚Äò ‡§®‡§π‡•Ä‡§Ç ‚Äò‡§ß‡•Ä‡§Æ‡•á ‡§ö‡§≤‡•ã‡§Ç‚Äô ‡§ï‡•Ä ‡§®‡•Ä‡§§‡§ø ‡§™‡§∞ ‡§¶‡•Ä‡§¶‡•Ä: TMC ‡§ï‡•á ‡§¨‡§æ‡§ó‡•Ä ‡§®‡•á‡§§‡§æ‡§ì‡§Ç ‡§ï‡•ã ‡§Ö‡§≠‡•Ä ‡§î‡§∞ ‡§ï‡§∞‡§®‡§æ ‡§π‡•ã‡§ó‡§æ ‡§á‡§Ç‡§§‡§ú‡§æ‡§∞, ‡§™‡§æ‡§∞‡•ç‡§ü‡•Ä ‡§Æ‡•á‡§Ç ‡§∂‡§æ‡§Æ‡§ø‡§≤ ‡§π‡•ã‡§®‡•á ‡§ï‡•Ä ‡§≤‡§ó‡•Ä ‡§π‡•ã‡§°‡§º‚Ä¶  https://t.co/XRIH5zE5pM      	hi
#BJP takes another hit in  as  is likely to join  today. [I remember someone saying, ‡§Ö‡§¨ ‡§ï‡•Ä ‡§¨‡§æ‡§∞ ‡•®‡•¶‡•¶ ‡§™‡§æ‡§∞ before  - and that sounds hilarious now] üòÄ	en
In ,communal force &amp; the breeder of the communal force gain maximum. So,the Sword of Damocles still hangs.Left-Democratic-Secular Force- keep Unite to uphold Communal Harmony in Kolkata and in the rest of the West Bengal.Pseudo secular-left-liberal- Sleep well.  https://t.co/lZo4dY5zTQ	en
@jdhankhar1     ‡¶®‡¶ø‡¶ú‡ßá‡¶á ‡¶®‡¶ø‡¶ú‡ßá‡¶∞ ‡¶ó‡¶æ‡¶°‡¶º‡¶ø‡¶∞ ‡¶ï‡¶æ‡¶Å‡¶ö ‡¶≠‡ßá‡¶ô‡ßá ‡¶Æ‡¶ø‡¶•‡ßç‡¶Ø‡ßá ‡¶Ö‡¶≠‡¶ø‡¶Ø‡ßã‡¶ó ‡¶ï‡¶∞‡¶≤‡ßá‡¶® ‡¶¨‡¶ø‡¶ú‡ßá‡¶™‡¶ø‡¶∞ ‡¶≤‡¶ï‡ßá‡¶ü ‡¶ö‡ßç‡¶Ø‡¶æ‡¶ü‡¶æ‡¶∞‡ßç‡¶ú‡¶ø      https://t.co/XvlTYrx9Od	bn
@Ei_Samay  ‡¶®‡¶ø‡¶ú‡ßá‡¶á ‡¶®‡¶ø‡¶ú‡ßá‡¶∞ ‡¶ó‡¶æ‡¶°‡¶º‡¶ø‡¶∞ ‡¶ï‡¶æ‡¶Å‡¶ö ‡¶≠‡ßá‡¶ô‡ßá ‡¶Æ‡¶ø‡¶•‡ßç‡¶Ø‡ßá ‡¶Ö‡¶≠‡¶ø‡¶Ø‡ßã‡¶ó ‡¶ï‡¶∞‡¶≤‡ßá‡¶® ‡¶¨‡¶ø‡¶ú‡ßá‡¶™‡¶ø‡¶∞ ‡¶≤‡¶ï‡ßá‡¶ü ‡¶ö‡ßç‡¶Ø‡¶æ‡¶ü‡¶æ‡¶∞‡ßç‡¶ú‡¶ø      https://t.co/XvlTYrx9Od	bn
Why shouldn't opposition go to court over appointment of election commissioner in UP?Are they dumb?  Wtf have they learnt from ?They're already conspiring to win ! They're trying misdirecting,dividing people,planning pulwama type strike!#India	en
@SaugataRoyMP should've probably taken care üòÖ.    .        https://t.co/EgYDRRoI4F	en
Himanta da was not acting 'moderate gandhi' and that's why He won Assam!  Bengal: Hiring tinu-molla Trojan horse s and acting 'moderate' will give you what? 	en
@SanatanWomen It this marriage or another conspiracy for vote bank?     	en
It this marriage or another conspiracy for vote bank?    	en
@SanatanWomen Ooo.... akhir Burke wali Shantidoot ne apna rang dikha hi Diya.....  	in
@GeorgekurianINC   2/n ..as if the listeners R bloody lull. Congress knew from the beginning about the outcome of those elections and therefore Rahul Gandhi didn't gather the courage to lead  BJP only made the major mistake of taking Bengal elections as of their false pride....	en
Governor of WB slams  in the interview...  1. Show your journalist ethics 2. Read constitution before asking questions..   Many more..   And the interview was cut half way.. nothing can be worse than this    	en
Where is the ethics of RSS GONE   DON'T BE A BEG  BORROW  STEAL PARTY.  U have nose dive in  because of this.   	en
For   , No big deal if 1.   joins  2. 23 leaders express displeasure  3. Lost   and all major states.  4.  is regional party  What matters is Supreme family power!	en
#WestBengal  supprters r angry at d perfrmance of thr party in Bengalelection2021. But de mst nt b so angry 2 start witch-hunting agnst "outsiders". D biggest win 4 ny party in 2021 ws crafted by so-called outsider . 2nd biggst upset at Siliguri also by outsider1/2	en
Kya PM  ka face fika par giya after the  where  got  a drubbing .  ko bahut din dikhai nahi diya aur  sahab to Gayeb 	tl
Interestingly,  face missing from official twitter a/c of . Since, 2014 general elections,  contested almost all elections in the name of . The recently concluded , also saw  as a star campaigner for . 	en
An excellent analysis of the polarization effect and its limitations in Bengal and Assam by  and Ambar Kumar Ghosh.    https://t.co/JZqqShQWp8	en
He disappeared after  and when covid cases ebbed... showing facing... thanks to the International community for supplying oxygen and vaccine in time of need... for a developing country made as third world country by Modi  	en
@MamataOfficial Worst decision...sob jinis hoye jachhe ,  sudhu parikha jonno Corona aache	tl
@PTI_News Bengal should make sure bigots never come to power. 	en
@Tejasvi_Surya  Mr Tejasvi just deny that ur government didn‚Äôt do  well when in 1st phase of Covid workers we  going back home !!!  Just deny that those who lost lives in 2nd wave ..was not fault of    Just deny  was more important than covid  Plz spare us !!	en
Old man‚Äôs desperation in tweets shows he scared to lose own job &amp; others in family/acquaintances.   https://t.co/fE3pVlTRPA	en
‡¶§‡¶¶‡¶®‡ßç‡¶§‡ßá ‡¶®‡¶§‡ßÅ‡¶® ‡¶§‡¶•‡ßç‡¶Ø ‡¶∏‡¶ø‡¶Ü‡¶á‡¶°‡¶ø-‡¶∞ ‡¶π‡¶æ‡¶§‡ßá         https://t.co/88aXXESXfb	bn
#bengalelection2021 ‡¶¨‡¶ø‡¶ú‡ßá‡¶™‡¶ø = ‡¶®‡¶ø‡¶∞‡ßç‡¶≠‡ßá‡¶ú‡¶æ‡¶≤ 38%üáÆüá≥ ‡¶ü‡¶ø‡¶è‡¶Æ‡¶∏‡¶ø =30%‡¶™‡¶æ‡¶®‡¶ø‡¶Æ‡¶ø‡¶∂‡ßç‡¶∞‡¶ø‡¶§ 48%  https://t.co/X5NFgucq1N	bn
‡§™‡•ç‡§∞‡§ß‡§æ‡§®‡§Æ‡§Ç‡§§‡•ç‡§∞‡•Ä ‡§ï‡•á ‡§ï‡•â‡§≤ ‡§ï‡•á ‡§¨‡§æ‡§¶ ‡§≠‡•Ä ‡§ï‡•ç‡§Ø‡§æ TMC ¬†‡§Æ‡•á‡§Ç ‡§≤‡•å‡§ü‡•á‡§Ç‡§ó‡•á ‡§Æ‡•Å‡§ï‡•Å‡§≤ ‡§∞‡§æ‡§Ø?                     https://t.co/NXP4ZilUnn	hi
' I can breathe again.. democracy is saved today ..'  	en
Jesus-wadi got 140 N mohd-vadi 57 to settle in; we got zero; yet musal taking ever more-                   https://t.co/61OdVo6lIM	en
Remove the beard now, you lost. No need to copy RNT anymore.       	en
@INCIndia  &amp;  in  asked Muslim voters to vote for   on her communal appeal.   may like to take them to  to get them Derecognised.  Page-25 of  https://t.co/f2eVio9MOK	en
Read your thread . Felt like reading about when the Ostrich &amp; Kalidas got together. And the rest is....well history. 0 in !	en
The Government has once again proved that religion and elections are more important than education and exams. Quite a far fetching visionüôè   	en
Several cars inside a housing complex in Phulbagan have been  vandalised by TMC goons.Reason? Out of 524 votes from this complex,   got 500 votes &amp; TMC got 24. Residents r helpless.     https://t.co/FmwL2ohcLY  	en
@manish6370512     is making fool to its customers as Ambani spent huge amount in  for . Somehow they have to balance it. Port out from JIO.	en
@Rahul_Singh_969   Do not make that mistake.  is making fool to its customers as Ambani spent huge amount in  for . Somehow they have to balance it.	en
‡¶§‡ßÉ‡¶£‡¶Æ‡ßÇ‡¶≤ ‡¶•‡ßá‡¶ï‡ßá ‡¶Ü‡¶∏‡¶æ ‡¶®‡ßá‡¶§‡¶æ‡¶¶‡ßá‡¶∞ ‡¶ü‡¶ø‡¶ï‡¶ø‡¶ü ‡¶¶‡ßá‡¶ì‡¶Ø‡¶º‡¶æ‡¶∞ ‡¶´‡¶≤‡ßá‡¶á ‡¶π‡¶æ‡¶∞, ‡¶Ö‡¶≠‡¶ø‡¶Ø‡ßã‡¶ó ‡¶Ü‡¶∏‡¶æ‡¶®‡¶∏‡ßã‡¶≤‡ßá‡¶∞ ‚Äò‡¶Ü‡¶¶‡¶ø ‡¶¨‡¶ø‡¶ú‡ßá‡¶™‡¶ø‚Äô-‡¶∞       https://t.co/Ad6YN27Hxy	bn
‡§Ö‡§≤‡§™‡§® ‡§¨‡§Ç‡§¶‡•ã‡§™‡§æ‡§ß‡•ç‡§Ø‡§æ‡§Ø ‡§ï‡•ã ‡§≤‡•á‡§ï‡§∞ ‡§π‡•ã ‡§∞‡§π‡•á ‡§µ‡§ø‡§µ‡§æ‡§¶ ‡§ï‡§æ ‡§Ö‡§ß‡•ç‡§Ø‡§æ‡§Ø ‡§∏‡§Æ‡§æ‡§™‡•ç‡§§: ‡§∏‡•Ä‡§è‡§Æ ‡§Æ‡§Æ‡§§‡§æ ‡§¨‡§®‡§∞‡•ç‡§ú‡•Ä - JantaJanardan  https://t.co/jPq86oOWiw  	hi
BJP's Tathagata Roy To Present Report On Bengal Defeat    https://t.co/T3ZknNdsrA	en
It is so disappointing to see the  focusing on bengal‚Äôs former    rather than  here in Bengal. Their political campaigns for  was majorly responsible for the spike in cases here. Do we really deserve this?	en
Had PM Sahab consulted the same sane minds before conducting  &amp;  a lot of families would‚Äôve not lost their loved ones	en
@imdiv24   Do not expect that  will solve your problems..they are making fool to the customers as they have spent huge amount in  for BJP.	en
‡¶≠‡ßã‡¶ü ‡¶¨‡¶ø‡¶™‡¶∞‡ßç‡¶Ø‡¶Ø‡¶º‡ßá‡¶∞ ‡¶™‡¶∞ ‡¶∂‡¶®‡¶ø‡¶¨‡¶æ‡¶∞ ‡¶∞‡¶æ‡¶§‡ßá ‡¶∏‡¶ø‡¶™‡¶ø‡¶è‡¶Æ‡ßá‡¶∞ ‡¶™‡ßç‡¶∞‡¶•‡¶Æ ‡¶∞‡¶æ‡¶ú‡ßç‡¶Ø ‡¶ï‡¶Æ‡¶ø‡¶ü‡¶ø‡¶∞ ‡¶¨‡ßà‡¶†‡¶ï ‡¶¨‡¶∏‡ßá‡•§        https://t.co/U4cTNNn8IL	bn
‡¶®‡¶ø‡¶∞‡ßç‡¶¶‡ßá‡¶∂ ‡¶™‡ßá‡¶Ø‡¶º‡ßá‡¶á ‡¶Æ‡¶ô‡ßç‡¶ó‡¶≤‡¶¨‡¶æ‡¶∞ ‡¶ñ‡¶°‡¶º‡¶¶‡¶π ‡¶è‡¶≤‡¶æ‡¶ï‡¶æ‡¶∞ ‡¶è‡¶ï‡¶ü‡¶ø ‡¶∏‡¶æ‡¶Æ‡¶æ‡¶ú‡¶ø‡¶ï ‡¶Ö‡¶®‡ßÅ‡¶∑‡ßç‡¶†‡¶æ‡¶®‡ßá ‡¶Ø‡ßã‡¶ó ‡¶¶‡¶ø‡¶§‡ßá ‡¶Ø‡¶æ‡¶ö‡ßç‡¶õ‡ßá‡¶® ‡¶∂‡ßã‡¶≠‡¶®‡¶¶‡ßá‡¶¨‡¶¨‡¶æ‡¶¨‡ßÅ‡•§       https://t.co/n0CwYgzVw6	bn
@narendramodi himself wants it that way... he wants limelight always   was no diff for him  Its another case, Didi o Didi,  corrupt and adept in nurturing goons drew her share of blood winning war of perception as well   https://t.co/4tI51PP2S4	en
This is the only thing you can do and did in  Cast an evil eye and you will get . Ok, now it is clear.	en
‡§ú‡•Ä‡§§ ‡§π‡§Æ‡§æ‡§∞‡•Ä ‡§π‡•ã‡§ó‡•Ä , ‡§™‡§∞‡§æ‡§ú‡§ø‡§§ ‡§π‡•Å‡§è ‡§π‡•à - ‡§™‡§∞‡§æ‡§∂‡•ç‡§∞‡§ø‡§§ ‡§®‡§π‡•Ä‡•§ ‡§∏‡§Ç‡§ó‡§†‡§® ‡§™‡•Å‡§®‡§É ‡§Ö‡§™‡§®‡•á ‡§≤‡§ï‡•ç‡§∑‡•ç‡§Ø ‡§™‡•ç‡§∞‡§æ‡§™‡•ç‡§§‡§ø ‡§π‡•á‡§§‡•Å ‡§ï‡§æ‡§∞‡•ç‡§Ø ‡§Æ‡•á ‡§≤‡§ó ‡§ó‡§Ø‡§æ ‡§π‡•à‡•§‡§Ø‡•á ‡§π‡§Æ‡§æ‡§∞‡•á ‡§∏‡§Ç‡§ò‡§ó‡•Ä‡§§ ‡§Æ‡•á ‡§•‡§ø‡§∞‡§ï‡§§‡•Ä ‡§Æ‡§æ‡§§‡§æ‡§è‡§Ç-‡§¨‡§π‡§®‡•á‡§Ç ‡§π‡§Æ‡§æ‡§∞‡•Ä ‡§∂‡§ï‡•ç‡§§‡§ø ‡§π‡•à‡•§‡§ú‡•ã ‡§π‡§ø‡§®‡•ç‡§¶‡•Ç ‡§π‡•à ‡§µ‡•ã ‡§π‡§ø‡§Ç‡§¶‡•Å‡§§‡•ç‡§µ ‡§ï‡•ã ‡§∏‡§Æ‡§ù‡•á‡•§ ‡§¨‡§æ‡§ï‡§ø ‡§ú‡§Ø ‡§ú‡§Ø ‡§∂‡•ç‡§∞‡•Ä ‡§∞‡§æ‡§Æ‡•§   https://t.co/6QCWU36aj0	hi
@srivatsayb Opposition parties have to really show some positive and great leadership work for people to believe. Else, 01 more Pulwama and the vote banks goes back to serial killer. Blame games wont be work (have witnessed ). Something progressive need to be delivered.	en
Suddenly  is getting silenced with  arrest and  pics behind bars  Of course time moves on but opinions need distraction too  Politicos look the most irresponsible lot... they are liars... theatrical... trick voters  	en
‡¶∏‡¶ø‡¶™‡¶ø‡¶è‡¶Æ ‡¶Ø‡ßá ‡ßß‡ß©‡ßÆ‡¶ü‡¶ø ‡¶Ü‡¶∏‡¶®‡ßá ‡¶™‡ßç‡¶∞‡¶§‡¶ø‡¶¶‡ßç‡¶¨‡¶®‡ßç‡¶¶‡ßç‡¶¨‡¶ø‡¶§‡¶æ ‡¶ï‡¶∞‡ßá‡¶õ‡ßá, ‡¶§‡¶æ‡¶∞ ‡ßØ‡ß™‡¶ü‡¶ø‡¶§‡ßá ‡ß®‡ß¶‡ßß‡ßØ-‡¶è‡¶∞ ‡¶≤‡ßã‡¶ï‡¶∏‡¶≠‡¶æ ‡¶®‡¶ø‡¶∞‡ßç‡¶¨‡¶æ‡¶ö‡¶®‡ßá‡¶∞ ‡¶§‡ßÅ‡¶≤‡¶®‡¶æ‡¶Ø‡¶º ‡¶≠‡ßã‡¶ü‡¶¨‡ßÉ‡¶¶‡ßç‡¶ß‡¶ø ‡¶π‡¶Ø‡¶º‡ßá‡¶õ‡ßá ‡¶¶‡¶≤‡ßá‡¶∞‡•§       https://t.co/2GwJsbB5dr	bn
@Bhodrolok1   Whatever you may say, henceforth, bhadra lok community of west bengal have to share their prides with  Mulla if they want to stay back      	en
@swapan55 indeed failed  along with mediocre singer what‚Äôs his f name !     khulke blame  as there can‚Äôt be centralisation of praise &amp; decentralisation of blames!     https://t.co/LZ3cYcRXkk	en
#Aaj_Ki_Taaza_Khabar ‡§™‡§∂‡•ç‡§ö‡§ø‡§Æ ‡§¨‡§Ç‡§ó‡§æ‡§≤ ‡§Æ‡•á‡§Ç ‡§ö‡•Å‡§®‡§æ‡§µ ‡§ï‡•á ‡§¨‡§æ‡§¶ ‡§π‡•Å‡§à ‡§π‡§ø‡§Ç‡§∏‡§æ ‡§ï‡•Ä ‡§∞‡§ø‡§™‡•ã‡§∞‡•ç‡§ü ‡§ú‡•Ä. ‡§ï‡§ø‡§∂‡§® ‡§∞‡•á‡§°‡•ç‡§°‡•Ä ‡§ï‡•ã ‡§∏‡•å‡§Ç‡§™‡•Ä ‡§ó‡§à.  #BengalViolence     https://t.co/yJtgVTE32H	hi
A befitting reply by  - the world needed to know her side of the story. Its a fact that the national leadership is playing dirty after   "BJP Not Able To Digest Defeat, Running One-Sided News": Mamata Banerjee...  https://t.co/Ycab3amN4E 	en
@ManMundra It was 1000% induced bcoz of  .   Don't know how , but it was.   1st wave :  2nd wave :  3rd wave:  (Most probably)	en
